model,seed,task,trial,bpm,n_episodes,n_strikes,success_rate,abs_err_ms_mean,err_ms_mean,err_ms_std,peak_force_mean,miss_rate_force,force_threshold_N,ckpt,file
A,1,double_160bpm,0,160.0,3,72,0.4027777777777778,27.358925567482952,15.849228175181196,33.090373438952355,12.349863330523172,0.2638888888888889,1.0,model_1499,eval_logs/2026-07-07_19-17-38_seed1/model_1499/double_160bpm_trial0/simulation_log.csv
A,1,gmd_03_high_bpm138,0,138.0,1,45,0.06666666666666667,62.00082302093506,52.00059413909912,74.88423008034802,1.7356334898206922,0.8888888888888888,1.0,model_1499,eval_logs/2026-07-07_19-17-38_seed1/model_1499/gmd_03_high_bpm138_trial0/simulation_log.csv
A,1,gmd_04_extreme_bpm170,0,170.0,1,44,0.11363636363636363,38.75088691711404,35.000801086426,51.27076902484814,3.3885580843145195,0.8181818181818182,1.0,model_1499,eval_logs/2026-07-07_19-17-38_seed1/model_1499/gmd_04_extreme_bpm170_trial0/simulation_log.csv
A,2,double_160bpm,0,160.0,3,72,0.9305555555555556,11.338244021778372,-3.8733314460431867,14.172588165643946,44.58405705955293,0.013888888888888888,1.0,model_1499,eval_logs/2026-07-08_00-06-00_seed2/model_1499/double_160bpm_trial0/simulation_log.csv
A,2,gmd_03_high_bpm138,0,138.0,1,45,0.6,13.166944185892655,1.5000422795613275,16.772153510070186,17.172857917679682,0.3333333333333333,1.0,model_1499,eval_logs/2026-07-08_00-06-00_seed2/model_1499/gmd_03_high_bpm138_trial0/simulation_log.csv
A,2,gmd_04_extreme_bpm170,0,170.0,1,44,0.6590909090909091,9.833558400471976,2.833398183186879,12.225418787470447,10.028164874423634,0.3181818181818182,1.0,model_1499,eval_logs/2026-07-08_00-06-00_seed2/model_1499/gmd_04_extreme_bpm170_trial0/simulation_log.csv
A,3,double_160bpm,0,160.0,3,72,0.8333333333333334,13.615663235004103,-0.8461512052096128,18.447311305259348,28.23541698853175,0.09722222222222222,1.0,model_1499,eval_logs/2026-07-08_05-00-58_seed3/model_1499/double_160bpm_trial0/simulation_log.csv
A,3,gmd_03_high_bpm138,0,138.0,1,45,0.4888888888888889,14.23107660733745,-6.9232170398413775,17.03427807825022,11.34734579457177,0.4222222222222222,1.0,model_1499,eval_logs/2026-07-08_05-00-58_seed3/model_1499/gmd_03_high_bpm138_trial0/simulation_log.csv
A,3,gmd_04_extreme_bpm170,0,170.0,1,44,0.36363636363636365,12.059092521667324,-9.706097490647103,12.051029255125815,3.5952726277438076,0.6136363636363636,1.0,model_1499,eval_logs/2026-07-08_05-00-58_seed3/model_1499/gmd_04_extreme_bpm170_trial0/simulation_log.csv
A,4,double_160bpm,0,160.0,3,72,0.4583333333333333,17.045779661698806,-13.863959095694822,18.00747895664164,8.068467766046524,0.3888888888888889,1.0,model_1499,eval_logs/2026-07-08_09-54-22_seed4/model_1499/double_160bpm_trial0/simulation_log.csv
A,4,gmd_03_high_bpm138,0,138.0,1,45,0.6888888888888889,15.88268490398626,-1.7647497794206881,23.801536521193253,337.5658424536387,0.24444444444444444,1.0,model_1499,eval_logs/2026-07-08_09-54-22_seed4/model_1499/gmd_03_high_bpm138_trial0/simulation_log.csv
A,4,gmd_04_extreme_bpm170,0,170.0,1,44,0.5909090909090909,16.48185871265564,0.9259471186887596,27.94416218620549,1547.8950393091548,0.38636363636363635,1.0,model_1499,eval_logs/2026-07-08_09-54-22_seed4/model_1499/gmd_04_extreme_bpm170_trial0/simulation_log.csv
A,5,double_160bpm,0,160.0,3,72,0.8055555555555556,11.42879894801542,-4.127059664045107,16.957119455790146,13.210618500908216,0.125,1.0,model_1499,eval_logs/2026-07-08_14-47-17_seed5/model_1499/double_160bpm_trial0/simulation_log.csv
A,5,gmd_03_high_bpm138,0,138.0,1,45,0.4222222222222222,13.333621479215976,0.9523857207526454,17.001774859160115,310.03134042421976,0.5333333333333333,1.0,model_1499,eval_logs/2026-07-08_14-47-17_seed5/model_1499/gmd_03_high_bpm138_trial0/simulation_log.csv
A,5,gmd_04_extreme_bpm170,0,170.0,1,44,0.1590909090909091,14.375314116477966,9.375199675559998,27.443753838312205,3.129032785242254,0.8181818181818182,1.0,model_1499,eval_logs/2026-07-08_14-47-17_seed5/model_1499/gmd_04_extreme_bpm170_trial0/simulation_log.csv
B,1,double_160bpm,0,160.0,3,72,0.875,14.927843342656612,3.1884753185769594,21.29965036121515,18.54950926038954,0.041666666666666664,1.0,model_1499,eval_logs/2026-07-08_19-38-34_seed1/model_1499/double_160bpm_trial0/simulation_log.csv
B,1,gmd_03_high_bpm138,0,138.0,1,45,0.9111111111111111,13.182103633880757,-5.909226157448649,15.784972328811378,627.2555113686456,0.022222222222222223,1.0,model_1499,eval_logs/2026-07-08_19-38-34_seed1/model_1499/gmd_03_high_bpm138_trial0/simulation_log.csv
B,1,gmd_04_extreme_bpm170,0,170.0,1,44,0.7954545454545454,14.878368959194082,-7.561128313948295,19.207252250345697,16.924697095697578,0.06818181818181818,1.0,model_1499,eval_logs/2026-07-08_19-38-34_seed1/model_1499/gmd_04_extreme_bpm170_trial0/simulation_log.csv
B,2,double_160bpm,0,160.0,3,72,0.8472222222222222,13.000237941741982,-7.28584527969361,14.883529390997044,28.174581822421814,0.027777777777777776,1.0,model_1499,eval_logs/2026-07-09_00-32-00_seed2/model_1499/double_160bpm_trial0/simulation_log.csv
B,2,gmd_03_high_bpm138,0,138.0,1,45,0.8222222222222222,13.809817177908686,-3.095320292881483,19.442408335948723,182.93371782302856,0.06666666666666667,1.0,model_1499,eval_logs/2026-07-09_00-32-00_seed2/model_1499/gmd_03_high_bpm138_trial0/simulation_log.csv
B,2,gmd_04_extreme_bpm170,0,170.0,1,44,0.8636363636363636,9.756309230153066,0.2438963913336032,14.051604588360977,16.373388816009868,0.06818181818181818,1.0,model_1499,eval_logs/2026-07-09_00-32-00_seed2/model_1499/gmd_04_extreme_bpm170_trial0/simulation_log.csv
B,3,double_160bpm,0,160.0,3,72,0.8055555555555556,18.30919349894802,-1.691204660079075,27.093714985694238,396.4930903332101,0.05555555555555555,1.0,model_1499,eval_logs/2026-07-09_05-24-11_seed3/model_1499/double_160bpm_trial0/simulation_log.csv
B,3,gmd_03_high_bpm138,0,138.0,1,45,0.6,19.872173284873295,-13.205354030315938,19.00476310274743,68.25074090957642,0.13333333333333333,1.0,model_1499,eval_logs/2026-07-09_05-24-11_seed3/model_1499/gmd_03_high_bpm138_trial0/simulation_log.csv
B,3,gmd_04_extreme_bpm170,0,170.0,1,44,0.75,14.74390274439107,-7.8206673646585,23.362513482233155,18.123369046232916,0.11363636363636363,1.0,model_1499,eval_logs/2026-07-09_05-24-11_seed3/model_1499/gmd_04_extreme_bpm170_trial0/simulation_log.csv
B,4,double_160bpm,0,160.0,3,72,0.7083333333333334,19.15528908581809,-11.690373152074706,19.65709941577738,16.508584428164696,0.013888888888888888,1.0,model_1499,eval_logs/2026-07-09_10-16-24_seed4/model_1499/double_160bpm_trial0/simulation_log.csv
B,4,gmd_03_high_bpm138,0,138.0,1,45,0.6666666666666666,16.666995154486713,-8.611255221896702,17.550737623460087,26.549132845136853,0.2,1.0,model_1499,eval_logs/2026-07-09_10-16-24_seed4/model_1499/gmd_03_high_bpm138_trial0/simulation_log.csv
B,4,gmd_04_extreme_bpm170,0,170.0,1,44,0.7954545454545454,16.12535417079957,-9.375199675559958,21.93242250427469,339.28879795562136,0.09090909090909091,1.0,model_1499,eval_logs/2026-07-09_10-16-24_seed4/model_1499/gmd_04_extreme_bpm170_trial0/simulation_log.csv
B,5,double_160bpm,0,160.0,3,72,0.7777777777777778,17.643168994358632,-3.5001107624599106,22.528112691566736,19.379757177498604,0.027777777777777776,1.0,model_1499,eval_logs/2026-07-09_15-10-48_seed5/model_1499/double_160bpm_trial0/simulation_log.csv
B,5,gmd_03_high_bpm138,0,138.0,1,45,0.7777777777777778,12.927075711692213,-5.122053913953962,17.37443395629526,15.868171546194288,0.08888888888888889,1.0,model_1499,eval_logs/2026-07-09_15-10-48_seed5/model_1499/gmd_03_high_bpm138_trial0/simulation_log.csv
B,5,gmd_04_extreme_bpm170,0,170.0,1,44,0.9090909090909091,10.000217528570351,-2.619096211024524,13.077831104038337,22.719206837090578,0.045454545454545456,1.0,model_1499,eval_logs/2026-07-09_15-10-48_seed5/model_1499/gmd_04_extreme_bpm170_trial0/simulation_log.csv
C,1,double_160bpm,0,160.0,3,72,0.7222222222222222,17.23109575418332,-2.307710280785201,21.03008874901248,124.22597108946906,0.09722222222222222,1.0,model_1499,eval_logs/2026-07-09_20-08-53_seed1/model_1499/double_160bpm_trial0/simulation_log.csv
C,1,gmd_03_high_bpm138,0,138.0,1,45,0.8222222222222222,12.179732322692999,-2.6923418045040215,15.426119457504578,341.52934277852376,0.13333333333333333,1.0,model_1499,eval_logs/2026-07-09_20-08-53_seed1/model_1499/gmd_03_high_bpm138_trial0/simulation_log.csv
C,1,gmd_04_extreme_bpm170,0,170.0,1,44,0.6363636363636364,11.333592732747528,-4.66677347819012,14.0159114535714,13.276559060270136,0.3181818181818182,1.0,model_1499,eval_logs/2026-07-09_20-08-53_seed1/model_1499/gmd_04_extreme_bpm170_trial0/simulation_log.csv
C,2,double_160bpm,0,160.0,3,72,0.8333333333333334,16.119645602667536,-11.641963204341215,28.195852115951915,54.65006630619367,0.06944444444444445,1.0,model_1499,eval_logs/2026-07-10_01-02-03_seed2/model_1499/double_160bpm_trial0/simulation_log.csv
C,2,gmd_03_high_bpm138,0,138.0,1,45,0.7333333333333333,13.24352058204435,-0.27030223124736064,16.74791262143541,12.995657716857062,0.17777777777777778,1.0,model_1499,eval_logs/2026-07-10_01-02-03_seed2/model_1499/gmd_03_high_bpm138_trial0/simulation_log.csv
C,2,gmd_04_extreme_bpm170,0,170.0,1,44,0.7727272727272727,11.351591831928879,0.2702957875021236,15.721246422263823,161.6449788050218,0.1590909090909091,1.0,model_1499,eval_logs/2026-07-10_01-02-03_seed2/model_1499/gmd_04_extreme_bpm170_trial0/simulation_log.csv
C,3,double_160bpm,0,160.0,3,72,0.8055555555555556,14.384885934682993,-2.5385306431697376,18.395404311921144,177.97082646356688,0.09722222222222222,1.0,model_1499,eval_logs/2026-07-10_05-58-08_seed3/model_1499/double_160bpm_trial0/simulation_log.csv
C,3,gmd_03_high_bpm138,0,138.0,1,45,0.8222222222222222,14.047903673989808,-1.1904665402002388,21.322864265354116,22.59421642091539,0.06666666666666667,1.0,model_1499,eval_logs/2026-07-10_05-58-08_seed3/model_1499/gmd_03_high_bpm138_trial0/simulation_log.csv
C,3,gmd_04_extreme_bpm170,0,170.0,1,44,0.8863636363636364,11.58562520655177,-5.244028277513414,15.12280765395581,337.39361571723765,0.06818181818181818,1.0,model_1499,eval_logs/2026-07-10_05-58-08_seed3/model_1499/gmd_04_extreme_bpm170_trial0/simulation_log.csv
C,4,double_160bpm,0,160.0,3,72,0.7638888888888888,18.06004367657558,-7.164353754983075,25.632294648688003,16.249658286571503,0.06944444444444445,1.0,model_1499,eval_logs/2026-07-10_10-54-15_seed4/model_1499/double_160bpm_trial0/simulation_log.csv
C,4,gmd_03_high_bpm138,0,138.0,1,45,0.8222222222222222,14.767757681912961,-6.395500759745728,17.63845797615094,639.1374145216412,0.044444444444444446,1.0,model_1499,eval_logs/2026-07-10_10-54-15_seed4/model_1499/gmd_03_high_bpm138_trial0/simulation_log.csv
C,4,gmd_04_extreme_bpm170,0,170.0,1,44,0.9090909090909091,11.591155420650336,-2.5000382553446165,16.96474610550301,384.6945937655189,0.0,1.0,model_1499,eval_logs/2026-07-10_10-54-15_seed4/model_1499/gmd_04_extreme_bpm170_trial0/simulation_log.csv
C,5,double_160bpm,0,160.0,3,72,0.7083333333333334,10.818394747647426,-4.454647410999697,13.867122423119802,10.82472390267584,0.2361111111111111,1.0,model_1499,eval_logs/2026-07-10_15-48-14_seed5/model_1499/double_160bpm_trial0/simulation_log.csv
C,5,gmd_03_high_bpm138,0,138.0,1,45,0.7555555555555555,13.590021011156622,-10.256611383878067,13.952668053895033,326.50219945907594,0.13333333333333333,1.0,model_1499,eval_logs/2026-07-10_15-48-14_seed5/model_1499/gmd_03_high_bpm138_trial0/simulation_log.csv
C,5,gmd_04_extreme_bpm170,0,170.0,1,44,0.7272727272727273,12.639161613252343,-7.361289527681151,16.66881191500975,19.058080938729372,0.18181818181818182,1.0,model_1499,eval_logs/2026-07-10_15-48-14_seed5/model_1499/gmd_04_extreme_bpm170_trial0/simulation_log.csv
D,1,double_160bpm,0,160.0,3,72,0.7361111111111112,15.95268552265467,-12.460568594554136,15.050544257478501,14.921314971314537,0.125,1.0,model_1499,eval_logs/2026-07-10_20-49-12_seed1/model_1499/double_160bpm_trial0/simulation_log.csv
D,1,gmd_03_high_bpm138,0,138.0,1,45,0.7333333333333333,17.82081371698597,-2.179644046685566,29.509234322556264,325.08573674096,0.13333333333333333,1.0,model_1499,eval_logs/2026-07-10_20-49-12_seed1/model_1499/gmd_03_high_bpm138_trial0/simulation_log.csv
D,1,gmd_04_extreme_bpm170,0,170.0,1,44,0.8863636363636364,10.97585224523764,-6.829427509772939,12.081043545379972,97.48687461289492,0.06818181818181818,1.0,model_1499,eval_logs/2026-07-10_20-49-12_seed1/model_1499/gmd_04_extreme_bpm170_trial0/simulation_log.csv
D,2,double_160bpm,0,160.0,3,72,0.8611111111111112,13.2092201887672,-6.791180639124638,20.332933133685145,18.392730792363484,0.06944444444444445,1.0,model_1499,eval_logs/2026-07-11_01-27-19_seed2/model_1499/double_160bpm_trial0/simulation_log.csv
D,2,gmd_03_high_bpm138,0,138.0,1,45,0.8888888888888888,10.487998404153824,0.9756146407709673,13.144594601375047,14.58750091128879,0.08888888888888889,1.0,model_1499,eval_logs/2026-07-11_01-27-19_seed2/model_1499/gmd_03_high_bpm138_trial0/simulation_log.csv
D,2,gmd_04_extreme_bpm170,0,170.0,1,44,0.8636363636363636,12.262176899682814,-5.833458332788281,15.338671304636502,259.3784772049297,0.045454545454545456,1.0,model_1499,eval_logs/2026-07-11_01-27-19_seed2/model_1499/gmd_04_extreme_bpm170_trial0/simulation_log.csv
D,3,double_160bpm,0,160.0,3,72,0.7916666666666666,12.17766154196952,-5.88724113279773,20.892913551735685,83.5719034506215,0.1388888888888889,1.0,model_1499,eval_logs/2026-07-11_06-05-24_seed3/model_1499/double_160bpm_trial0/simulation_log.csv
D,3,gmd_03_high_bpm138,0,138.0,1,45,0.0,,,,0.0,1.0,1.0,model_1499,eval_logs/2026-07-11_06-05-24_seed3/model_1499/gmd_03_high_bpm138_trial0/simulation_log.csv
D,3,gmd_04_extreme_bpm170,0,170.0,1,44,0.0,,,,0.0,1.0,1.0,model_1499,eval_logs/2026-07-11_06-05-24_seed3/model_1499/gmd_04_extreme_bpm170_trial0/simulation_log.csv
D,4,double_160bpm,0,160.0,3,72,0.6527777777777778,22.692750050471396,-21.46195264963005,32.43723870122896,18.96348759863112,0.09722222222222222,1.0,model_1499,eval_logs/2026-07-11_10-30-50_seed4/model_1499/double_160bpm_trial0/simulation_log.csv
D,4,gmd_03_high_bpm138,0,138.0,1,45,0.8222222222222222,15.232884606649833,-6.6280475882596335,17.6517935058809,319.22208081351386,0.044444444444444446,1.0,model_1499,eval_logs/2026-07-11_10-30-50_seed4/model_1499/gmd_03_high_bpm138_trial0/simulation_log.csv
D,4,gmd_04_extreme_bpm170,0,170.0,1,44,0.7727272727272727,15.000334600123008,-6.951387335614418,18.162110776207218,73.03321183811535,0.06818181818181818,1.0,model_1499,eval_logs/2026-07-11_10-30-50_seed4/model_1499/gmd_04_extreme_bpm170_trial0/simulation_log.csv
D,5,double_160bpm,0,160.0,3,72,0.8194444444444444,13.359630480408661,-8.359560742974281,14.935400716667289,12.067885413765907,0.1111111111111111,1.0,model_1499,eval_logs/2026-07-11_15-08-27_seed5/model_1499/double_160bpm_trial0/simulation_log.csv
D,5,gmd_03_high_bpm138,0,138.0,1,45,0.0,55.00125885009943,-55.00125885009943,,0.2275694105360243,0.9777777777777777,1.0,model_1499,eval_logs/2026-07-11_15-08-27_seed5/model_1499/gmd_03_high_bpm138_trial0/simulation_log.csv
D,5,gmd_04_extreme_bpm170,0,170.0,1,44,0.0,,,,0.0,1.0,1.0,model_1499,eval_logs/2026-07-11_15-08-27_seed5/model_1499/gmd_04_extreme_bpm170_trial0/simulation_log.csv
E,1,double_160bpm,0,160.0,3,72,0.7916666666666666,14.47789526697416,-7.910619920759055,16.791142824758765,21.56828325655725,0.06944444444444445,1.0,model_1499,eval_logs/2026-07-11_19-36-51_seed1/model_1499/double_160bpm_trial0/simulation_log.csv
E,1,gmd_03_high_bpm138,0,138.0,1,45,0.9111111111111111,13.222495714823632,-1.2222581439548155,23.334928897386867,16.27316992017958,0.0,1.0,model_1499,eval_logs/2026-07-11_19-36-51_seed1/model_1499/gmd_03_high_bpm138_trial0/simulation_log.csv
E,1,gmd_04_extreme_bpm170,0,170.0,1,44,0.8181818181818182,15.610104653893448,-4.390353109778427,26.884507804479313,15.276656226678329,0.06818181818181818,1.0,model_1499,eval_logs/2026-07-11_19-36-51_seed1/model_1499/gmd_04_extreme_bpm170_trial0/simulation_log.csv
E,2,double_160bpm,0,160.0,3,72,0.6388888888888888,20.141218749570182,-13.662207294517872,24.275077109916474,31.5004493660397,0.013888888888888888,1.0,model_1499,eval_logs/2026-07-12_00-16-35_seed2/model_1499/double_160bpm_trial0/simulation_log.csv
E,2,gmd_03_high_bpm138,0,138.0,1,45,0.8222222222222222,16.860814981682356,-5.000078400900115,25.425508056151116,23.58053824106852,0.044444444444444446,1.0,model_1499,eval_logs/2026-07-12_00-16-35_seed2/model_1499/gmd_03_high_bpm138_trial0/simulation_log.csv
E,2,gmd_04_extreme_bpm170,0,170.0,1,44,0.75,14.605597445839281,-5.3948603178324985,17.374717756275327,19.210961612788115,0.13636363636363635,1.0,model_1499,eval_logs/2026-07-12_00-16-35_seed2/model_1499/gmd_04_extreme_bpm170_trial0/simulation_log.csv
E,3,double_160bpm,0,160.0,3,72,0.7222222222222222,25.299034901519256,-18.433209675461487,39.11229362905047,15.542845088574621,0.06944444444444445,1.0,model_1499,eval_logs/2026-07-12_04-55-58_seed3/model_1499/double_160bpm_trial0/simulation_log.csv
E,3,gmd_03_high_bpm138,0,138.0,1,45,0.8222222222222222,16.555892096625445,-5.666791068182886,20.742338108514122,17.561431545681423,0.0,1.0,model_1499,eval_logs/2026-07-12_04-55-58_seed3/model_1499/gmd_03_high_bpm138_trial0/simulation_log.csv
E,3,gmd_04_extreme_bpm170,0,170.0,1,44,0.8863636363636364,14.166968209402913,-5.119159108116524,16.72947736845325,17.60344368761236,0.045454545454545456,1.0,model_1499,eval_logs/2026-07-12_04-55-58_seed3/model_1499/gmd_04_extreme_bpm170_trial0/simulation_log.csv
E,4,double_160bpm,0,160.0,3,72,0.9166666666666666,11.521945828976788,-6.014573401299079,14.105398418228345,388.30014928181964,0.041666666666666664,1.0,model_1499,eval_logs/2026-07-12_09-36-40_seed4/model_1499/double_160bpm_trial0/simulation_log.csv
E,4,gmd_03_high_bpm138,0,138.0,1,45,0.8,15.000298965808978,-5.6977771049320864,18.72713893732544,119.31295430925158,0.044444444444444446,1.0,model_1499,eval_logs/2026-07-12_09-36-40_seed4/model_1499/gmd_03_high_bpm138_trial0/simulation_log.csv
E,4,gmd_04_extreme_bpm170,0,170.0,1,44,0.8636363636363636,11.951490146357731,-5.85378960865302,15.96526609217088,898.1411688652905,0.06818181818181818,1.0,model_1499,eval_logs/2026-07-12_09-36-40_seed4/model_1499/gmd_04_extreme_bpm170_trial0/simulation_log.csv
E,5,double_160bpm,0,160.0,3,72,0.6388888888888888,17.118969206082614,-14.74606586714922,17.405853544177205,51.30837786694368,0.18055555555555555,1.0,model_1499,eval_logs/2026-07-12_14-16-35_seed5/model_1499/double_160bpm_trial0/simulation_log.csv
E,5,gmd_03_high_bpm138,0,138.0,1,45,0.8,15.227580612356167,-9.091076525774723,15.599685790460173,27.194597752889,0.022222222222222223,1.0,model_1499,eval_logs/2026-07-12_14-16-35_seed5/model_1499/gmd_03_high_bpm138_trial0/simulation_log.csv
E,5,gmd_04_extreme_bpm170,0,170.0,1,44,0.8409090909090909,11.309762795766206,-3.9286528314863043,15.163487501995409,24.21185543862256,0.045454545454545456,1.0,model_1499,eval_logs/2026-07-12_14-16-35_seed5/model_1499/gmd_04_extreme_bpm170_trial0/simulation_log.csv
