tau,lh,seed,task,bpm,n_strikes,success_rate,abs_err_ms_mean,err_ms_mean,err_ms_std,peak_force_mean,miss_rate_force,force_threshold_N,file
0.5,0.1,1,double_160bpm,160.0,72,0.7777777777777778,14.86139330599044,-6.389003660943795,19.86298705261525,134.99157008859845,0.0,1.0,eval_logs_tau_sweep/2026-07-14_16-43-21_tau0.5_lh0.1_seed1/model_1499/double_160bpm_trial0/simulation_log.csv
0.5,0.1,1,gmd_03_high_bpm138,138.0,45,0.4666666666666667,12.708614269892356,-4.79178627332035,16.116727401718414,19.79015193515354,0.4666666666666667,1.0,eval_logs_tau_sweep/2026-07-14_16-43-21_tau0.5_lh0.1_seed1/model_1499/gmd_03_high_bpm138_trial0/simulation_log.csv
0.5,0.1,1,gmd_04_extreme_bpm170,170.0,44,0.4772727272727273,13.478569362474525,6.521888401197505,23.03384212450469,21.716247731989082,0.4772727272727273,1.0,eval_logs_tau_sweep/2026-07-14_16-43-21_tau0.5_lh0.1_seed1/model_1499/gmd_04_extreme_bpm170_trial0/simulation_log.csv
0.5,0.25,1,double_160bpm,160.0,72,0.8472222222222222,13.055808014339938,-1.8055902587042973,16.81133934600811,206.4562306801478,0.0,1.0,eval_logs_tau_sweep/2026-07-14_21-34-05_tau0.5_lh0.25_seed1/model_1499/double_160bpm_trial0/simulation_log.csv
0.5,0.25,1,gmd_03_high_bpm138,138.0,45,0.9111111111111111,7.954713973132076,-4.318272525613847,11.988183288279119,15.245208326975504,0.022222222222222223,1.0,eval_logs_tau_sweep/2026-07-14_21-34-05_tau0.5_lh0.25_seed1/model_1499/gmd_03_high_bpm138_trial0/simulation_log.csv
0.5,0.25,1,gmd_04_extreme_bpm170,170.0,44,0.9318181818181818,7.790873217028324,-1.046538352966226,11.576004701031753,14.188440799713135,0.022727272727272728,1.0,eval_logs_tau_sweep/2026-07-14_21-34-05_tau0.5_lh0.25_seed1/model_1499/gmd_04_extreme_bpm170_trial0/simulation_log.csv
0.5,0.5,1,double_160bpm,160.0,72,0.9305555555555556,10.555777284834146,1.8055935700734362,14.639298909611089,13.49846159418424,0.0,1.0,eval_logs_tau_sweep/2026-07-15_02-21-45_tau0.5_lh0.5_seed1/model_1499/double_160bpm_trial0/simulation_log.csv
0.5,0.5,1,gmd_03_high_bpm138,138.0,45,0.9111111111111111,12.045700441707362,0.6818364967000649,16.052244635474338,387.99135803911423,0.022222222222222223,1.0,eval_logs_tau_sweep/2026-07-15_02-21-45_tau0.5_lh0.5_seed1/model_1499/gmd_03_high_bpm138_trial0/simulation_log.csv
0.5,0.5,1,gmd_04_extreme_bpm170,170.0,44,0.9318181818181818,8.72112152188314,-3.1396150588988334,11.49679945061055,787.5255361687053,0.022727272727272728,1.0,eval_logs_tau_sweep/2026-07-15_02-21-45_tau0.5_lh0.5_seed1/model_1499/gmd_04_extreme_bpm170_trial0/simulation_log.csv
1.0,0.25,1,double_160bpm,160.0,72,0.875,13.428829397474026,-6.428693022046767,15.746081896980671,22.99627103077041,0.027777777777777776,1.0,eval_logs_tau_sweep/2026-07-15_07-09-49_tau1.0_lh0.25_seed1/model_1499/double_160bpm_trial0/simulation_log.csv
1.0,0.25,1,gmd_03_high_bpm138,138.0,45,0.9777777777777777,9.000190099080465,-0.11109775967066311,11.505625638689704,26.497197908825346,0.0,1.0,eval_logs_tau_sweep/2026-07-15_07-09-49_tau1.0_lh0.25_seed1/model_1499/gmd_03_high_bpm138_trial0/simulation_log.csv
1.0,0.25,1,gmd_04_extreme_bpm170,170.0,44,0.9545454545454546,10.1138651371003,-1.7045817591924846,13.466163655716866,128.17641419172287,0.0,1.0,eval_logs_tau_sweep/2026-07-15_07-09-49_tau1.0_lh0.25_seed1/model_1499/gmd_04_extreme_bpm170_trial0/simulation_log.csv
1.0,0.5,1,double_160bpm,160.0,72,0.8333333333333334,15.352390181850344,-6.478954368913692,18.620484728290215,131.73966109752655,0.013888888888888888,1.0,eval_logs_tau_sweep/2026-07-15_11-59-16_tau1.0_lh0.5_seed1/model_1499/double_160bpm_trial0/simulation_log.csv
1.0,0.5,1,gmd_03_high_bpm138,138.0,45,0.9333333333333333,10.113840753381835,3.7500966678967056,12.535061260176214,15.801546732584635,0.022222222222222223,1.0,eval_logs_tau_sweep/2026-07-15_11-59-16_tau1.0_lh0.5_seed1/model_1499/gmd_03_high_bpm138_trial0/simulation_log.csv
1.0,0.5,1,gmd_04_extreme_bpm170,170.0,44,0.9545454545454546,8.636553179134102,0.4545477303592449,11.950658799809151,15.374378767880527,0.0,1.0,eval_logs_tau_sweep/2026-07-15_11-59-16_tau1.0_lh0.5_seed1/model_1499/gmd_04_extreme_bpm170_trial0/simulation_log.csv
1.0,1.0,1,double_160bpm,160.0,72,0.9583333333333334,10.000184178352287,-3.611168927616559,14.564906061706397,16.938267424702644,0.0,1.0,eval_logs_tau_sweep/2026-07-15_16-49-09_tau1.0_lh1.0_seed1/model_1499/double_160bpm_trial0/simulation_log.csv
1.0,1.0,1,gmd_03_high_bpm138,138.0,45,0.8888888888888888,11.744440988052622,-5.6978131449500005,15.833611740291904,15.351543241077,0.044444444444444446,1.0,eval_logs_tau_sweep/2026-07-15_16-49-09_tau1.0_lh1.0_seed1/model_1499/gmd_03_high_bpm138_trial0/simulation_log.csv
1.0,1.0,1,gmd_04_extreme_bpm170,170.0,44,0.8863636363636364,10.875234007835434,-3.375092148780779,13.028232158264744,238.29277546839282,0.09090909090909091,1.0,eval_logs_tau_sweep/2026-07-15_16-49-09_tau1.0_lh1.0_seed1/model_1499/gmd_04_extreme_bpm170_trial0/simulation_log.csv
2.0,0.5,1,double_160bpm,160.0,72,0.1388888888888889,29.31872823021632,-26.136913082816477,16.10487823202552,2.17410466240512,0.6944444444444444,1.0,eval_logs_tau_sweep/2026-07-15_21-39-51_tau2.0_lh0.5_seed1/model_1499/double_160bpm_trial0/simulation_log.csv
2.0,0.5,1,gmd_03_high_bpm138,138.0,45,0.24444444444444444,12.916962305704459,-7.083495457967122,14.687735426087789,3.450898043314616,0.7333333333333333,1.0,eval_logs_tau_sweep/2026-07-15_21-39-51_tau2.0_lh0.5_seed1/model_1499/gmd_03_high_bpm138_trial0/simulation_log.csv
2.0,0.5,1,gmd_04_extreme_bpm170,170.0,44,0.13636363636363635,28.333875868055557,-22.77819315592448,20.327549117166967,1.4717045643112876,0.7954545454545454,1.0,eval_logs_tau_sweep/2026-07-15_21-39-51_tau2.0_lh0.5_seed1/model_1499/gmd_04_extreme_bpm170_trial0/simulation_log.csv
2.0,1.0,1,double_160bpm,160.0,72,0.7777777777777778,16.18087457285986,-8.541850580109468,23.668331662145476,168.44241896271706,0.0,1.0,eval_logs_tau_sweep/2026-07-16_02-29-07_tau2.0_lh1.0_seed1/model_1499/double_160bpm_trial0/simulation_log.csv
2.0,1.0,1,gmd_03_high_bpm138,138.0,45,0.7333333333333333,15.000305677714984,-8.684390469601258,16.303349521477365,328.71978658040365,0.15555555555555556,1.0,eval_logs_tau_sweep/2026-07-16_02-29-07_tau2.0_lh1.0_seed1/model_1499/gmd_03_high_bpm138_trial0/simulation_log.csv
2.0,1.0,1,gmd_04_extreme_bpm170,170.0,44,0.5,19.167065620422495,-13.50026925404865,20.006847389782656,329.59223026579076,0.3181818181818182,1.0,eval_logs_tau_sweep/2026-07-16_02-29-07_tau2.0_lh1.0_seed1/model_1499/gmd_04_extreme_bpm170_trial0/simulation_log.csv
2.0,2.0,1,double_160bpm,160.0,72,0.7916666666666666,15.486394365628545,-8.54185389147866,25.59811908350082,16.16768739124139,0.0,1.0,eval_logs_tau_sweep/2026-07-16_07-18-26_tau2.0_lh2.0_seed1/model_1499/double_160bpm_trial0/simulation_log.csv
2.0,2.0,1,gmd_03_high_bpm138,138.0,45,0.6666666666666666,12.353220406700608,-6.470732829150163,14.79844560247385,326.1514930566152,0.24444444444444444,1.0,eval_logs_tau_sweep/2026-07-16_07-18-26_tau2.0_lh2.0_seed1/model_1499/gmd_03_high_bpm138_trial0/simulation_log.csv
2.0,2.0,1,gmd_04_extreme_bpm170,170.0,44,0.5227272727272727,17.115776355449935,-2.115433032695961,30.370847469004765,7.285620285706087,0.4090909090909091,1.0,eval_logs_tau_sweep/2026-07-16_07-18-26_tau2.0_lh2.0_seed1/model_1499/gmd_04_extreme_bpm170_trial0/simulation_log.csv
0.5,0.1,2,double_160bpm,160.0,72,0.7916666666666666,18.819813927014575,-12.430831789970373,31.004891292084707,15.196720298793581,0.0,1.0,eval_logs_tau_sweep/2026-07-16_12-07-29_tau0.5_lh0.1_seed2/model_1499/double_160bpm_trial0/simulation_log.csv
0.5,0.1,2,gmd_03_high_bpm138,138.0,45,0.4222222222222222,22.50045041243263,3.7501504023871104,41.52742998533794,592.5121022489336,0.4666666666666667,1.0,eval_logs_tau_sweep/2026-07-16_12-07-29_tau0.5_lh0.1_seed2/model_1499/gmd_03_high_bpm138_trial0/simulation_log.csv
0.5,0.1,2,gmd_04_extreme_bpm170,170.0,44,0.45454545454545453,9.318395094438033,3.409168936989524,12.187935046216666,104.06805021654476,0.5,1.0,eval_logs_tau_sweep/2026-07-16_12-07-29_tau0.5_lh0.1_seed2/model_1499/gmd_04_extreme_bpm170_trial0/simulation_log.csv
0.5,0.25,2,double_160bpm,160.0,72,0.8611111111111112,9.637851645981057,-3.8406278776085894,15.580836574390164,16.796752989292145,0.041666666666666664,1.0,eval_logs_tau_sweep/2026-07-16_16-55-04_tau0.5_lh0.25_seed2/model_1499/double_160bpm_trial0/simulation_log.csv
0.5,0.25,2,gmd_03_high_bpm138,138.0,45,0.7111111111111111,10.26335515474015,-6.842224221480559,15.39689816346168,23.626760980818005,0.15555555555555556,1.0,eval_logs_tau_sweep/2026-07-16_16-55-04_tau0.5_lh0.25_seed2/model_1499/gmd_03_high_bpm138_trial0/simulation_log.csv
0.5,0.25,2,gmd_04_extreme_bpm170,170.0,44,0.7727272727272727,7.7144350324358255,-2.5714738028390065,11.270372256837362,12.320652598684484,0.20454545454545456,1.0,eval_logs_tau_sweep/2026-07-16_16-55-04_tau0.5_lh0.25_seed2/model_1499/gmd_04_extreme_bpm170_trial0/simulation_log.csv
0.5,0.5,2,double_160bpm,160.0,72,0.875,12.847468256950386,-4.930663439962599,15.933551252055274,221.7376985318131,0.0,1.0,eval_logs_tau_sweep/2026-07-16_21-45-48_tau0.5_lh0.5_seed2/model_1499/double_160bpm_trial0/simulation_log.csv
0.5,0.5,2,gmd_03_high_bpm138,138.0,45,0.8666666666666667,12.727531519803195,-4.3182698163118625,16.160514188955005,50.32806943787469,0.022222222222222223,1.0,eval_logs_tau_sweep/2026-07-16_21-45-48_tau0.5_lh0.5_seed2/model_1499/gmd_03_high_bpm138_trial0/simulation_log.csv
0.5,0.5,2,gmd_04_extreme_bpm170,170.0,44,0.9318181818181818,7.500171661376891,1.7857551574707877,13.829475739533311,19.26167789372531,0.045454545454545456,1.0,eval_logs_tau_sweep/2026-07-16_21-45-48_tau0.5_lh0.5_seed2/model_1499/gmd_04_extreme_bpm170_trial0/simulation_log.csv
1.0,0.25,2,double_160bpm,160.0,72,0.9027777777777778,10.000210669305574,1.2500137090683014,13.551196211774108,130.61952079666986,0.0,1.0,eval_logs_tau_sweep/2026-07-17_02-35-27_tau1.0_lh0.25_seed2/model_1499/double_160bpm_trial0/simulation_log.csv
1.0,0.25,2,gmd_03_high_bpm138,138.0,45,0.7111111111111111,9.861330191294352,-4.583431614769681,13.32991745380241,360.500611225764,0.2,1.0,eval_logs_tau_sweep/2026-07-17_02-35-27_tau1.0_lh0.25_seed2/model_1499/gmd_03_high_bpm138_trial0/simulation_log.csv
1.0,0.25,2,gmd_04_extreme_bpm170,170.0,44,0.5909090909090909,12.758900379312571,0.3448231466884046,16.52583613314819,59.614928765730426,0.3409090909090909,1.0,eval_logs_tau_sweep/2026-07-17_02-35-27_tau1.0_lh0.25_seed2/model_1499/gmd_04_extreme_bpm170_trial0/simulation_log.csv
1.0,0.5,2,double_160bpm,160.0,72,0.6666666666666666,18.500350202832955,-13.357388973236109,18.33148678224183,17.54229560991128,0.027777777777777776,1.0,eval_logs_tau_sweep/2026-07-17_07-23-57_tau1.0_lh0.5_seed2/model_1499/double_160bpm_trial0/simulation_log.csv
1.0,0.5,2,gmd_03_high_bpm138,138.0,45,0.8666666666666667,13.256084087283133,-9.767632151758969,15.038104588928178,1076.4696561919318,0.044444444444444446,1.0,eval_logs_tau_sweep/2026-07-17_07-23-57_tau1.0_lh0.5_seed2/model_1499/gmd_03_high_bpm138_trial0/simulation_log.csv
1.0,0.5,2,gmd_04_extreme_bpm170,170.0,44,0.75,15.658243706351865,-9.079145757775615,21.806002313309378,182.17969180779025,0.13636363636363635,1.0,eval_logs_tau_sweep/2026-07-17_07-23-57_tau1.0_lh0.5_seed2/model_1499/gmd_04_extreme_bpm170_trial0/simulation_log.csv
1.0,1.0,2,double_160bpm,160.0,72,0.75,20.43519849362578,-14.92786407470705,31.148963358842554,19.987516032324898,0.041666666666666664,1.0,eval_logs_tau_sweep/2026-07-17_12-14-31_tau1.0_lh1.0_seed2/model_1499/double_160bpm_trial0/simulation_log.csv
1.0,1.0,2,gmd_03_high_bpm138,138.0,45,0.6444444444444445,15.4057096790624,-12.162398647617554,16.225304439761963,330.85233594576516,0.17777777777777778,1.0,eval_logs_tau_sweep/2026-07-17_12-14-31_tau1.0_lh1.0_seed2/model_1499/gmd_03_high_bpm138_trial0/simulation_log.csv
1.0,1.0,2,gmd_04_extreme_bpm170,170.0,44,0.6590909090909091,13.437807559967041,-6.562650203704612,15.577298751349314,78.15852025693113,0.2727272727272727,1.0,eval_logs_tau_sweep/2026-07-17_12-14-31_tau1.0_lh1.0_seed2/model_1499/gmd_04_extreme_bpm170_trial0/simulation_log.csv
2.0,0.5,2,double_160bpm,160.0,72,0.625,24.167128735118457,-16.805878943867192,33.89467903380202,18.410321270426113,0.0,1.0,eval_logs_tau_sweep/2026-07-17_17-04-38_tau2.0_lh0.5_seed2/model_1499/double_160bpm_trial0/simulation_log.csv
2.0,0.5,2,gmd_03_high_bpm138,138.0,45,0.6888888888888889,22.05174702864442,-16.410592274788158,27.33742314380849,18.236323388417564,0.13333333333333333,1.0,eval_logs_tau_sweep/2026-07-17_17-04-38_tau2.0_lh0.5_seed2/model_1499/gmd_03_high_bpm138_trial0/simulation_log.csv
2.0,0.5,2,gmd_04_extreme_bpm170,170.0,44,0.5454545454545454,16.55208653417116,-14.483098326058116,12.771944177828939,9.507039091803811,0.3409090909090909,1.0,eval_logs_tau_sweep/2026-07-17_17-04-38_tau2.0_lh0.5_seed2/model_1499/gmd_04_extreme_bpm170_trial0/simulation_log.csv
2.0,1.0,2,double_160bpm,160.0,72,0.7222222222222222,17.361412445704268,-12.222422493828699,19.226335295819087,13.123120533095467,0.0,1.0,eval_logs_tau_sweep/2026-07-17_21-55-29_tau2.0_lh1.0_seed2/model_1499/double_160bpm_trial0/simulation_log.csv
2.0,1.0,2,gmd_03_high_bpm138,138.0,45,0.5333333333333333,17.273064815636655,-16.666990337949574,16.040624417553257,115.01468461884393,0.26666666666666666,1.0,eval_logs_tau_sweep/2026-07-17_21-55-29_tau2.0_lh1.0_seed2/model_1499/gmd_03_high_bpm138_trial0/simulation_log.csv
2.0,1.0,2,gmd_04_extreme_bpm170,170.0,44,0.7045454545454546,15.882716459386488,-3.5294925465304354,20.506544269483737,4.380835603583943,0.22727272727272727,1.0,eval_logs_tau_sweep/2026-07-17_21-55-29_tau2.0_lh1.0_seed2/model_1499/gmd_04_extreme_bpm170_trial0/simulation_log.csv
2.0,2.0,2,double_160bpm,160.0,72,0.8888888888888888,13.958614733484062,-5.902934405538826,22.271642444882133,31.637756052944397,0.0,1.0,eval_logs_tau_sweep/2026-07-18_02-45-37_tau2.0_lh2.0_seed2/model_1499/double_160bpm_trial0/simulation_log.csv
2.0,2.0,2,gmd_03_high_bpm138,138.0,45,0.7555555555555555,12.162427644471387,-8.378557256750042,13.388421777304705,15.391882403691609,0.17777777777777778,1.0,eval_logs_tau_sweep/2026-07-18_02-45-37_tau2.0_lh2.0_seed2/model_1499/gmd_03_high_bpm138_trial0/simulation_log.csv
2.0,2.0,2,gmd_04_extreme_bpm170,170.0,44,0.75,14.730057200870167,-9.8650809880849,15.29769980059364,10.511047626083547,0.1590909090909091,1.0,eval_logs_tau_sweep/2026-07-18_02-45-37_tau2.0_lh2.0_seed2/model_1499/gmd_04_extreme_bpm170_trial0/simulation_log.csv
0.5,0.1,3,double_160bpm,160.0,72,0.8333333333333334,13.214523451668825,-1.92857469831198,22.03945880591853,14.650013173619906,0.027777777777777776,1.0,eval_logs_tau_sweep/2026-07-18_07-36-08_tau0.5_lh0.1_seed3/model_1499/double_160bpm_trial0/simulation_log.csv
0.5,0.1,3,gmd_03_high_bpm138,138.0,45,0.6444444444444445,25.3035119085601,15.909379178827363,48.37212259640163,217.90386220084295,0.26666666666666666,1.0,eval_logs_tau_sweep/2026-07-18_07-36-08_tau0.5_lh0.1_seed3/model_1499/gmd_03_high_bpm138_trial0/simulation_log.csv
0.5,0.1,3,gmd_04_extreme_bpm170,170.0,44,0.4772727272727273,16.400375366210778,1.6000366210938035,28.60426751016415,11.100856802680276,0.4318181818181818,1.0,eval_logs_tau_sweep/2026-07-18_07-36-08_tau0.5_lh0.1_seed3/model_1499/gmd_04_extreme_bpm170_trial0/simulation_log.csv
0.5,0.25,3,double_160bpm,160.0,72,0.8611111111111112,13.264111346668633,-4.2361534304088995,21.942382846193986,17.468551516532898,0.0,1.0,eval_logs_tau_sweep/2026-07-18_12-26-58_tau0.5_lh0.25_seed3/model_1499/double_160bpm_trial0/simulation_log.csv
0.5,0.25,3,gmd_03_high_bpm138,138.0,45,0.8666666666666667,10.227474299343951,-5.227359858426062,14.465749237124536,22.4647552702162,0.022222222222222223,1.0,eval_logs_tau_sweep/2026-07-18_12-26-58_tau0.5_lh0.25_seed3/model_1499/gmd_03_high_bpm138_trial0/simulation_log.csv
0.5,0.25,3,gmd_04_extreme_bpm170,170.0,44,0.8636363636363636,10.595477762676493,-1.7857579957870469,17.628727287837453,15.015273332595825,0.045454545454545456,1.0,eval_logs_tau_sweep/2026-07-18_12-26-58_tau0.5_lh0.25_seed3/model_1499/gmd_04_extreme_bpm170_trial0/simulation_log.csv
0.5,0.5,3,double_160bpm,160.0,72,0.8333333333333334,13.310096633266376,-3.1690899754913824,17.93349599847805,23.213419010241825,0.013888888888888888,1.0,eval_logs_tau_sweep/2026-07-18_17-16-01_tau0.5_lh0.5_seed3/model_1499/double_160bpm_trial0/simulation_log.csv
0.5,0.5,3,gmd_03_high_bpm138,138.0,45,0.9333333333333333,12.84118403087972,3.2955218445171925,15.209843633162228,117.15196632809109,0.022222222222222223,1.0,eval_logs_tau_sweep/2026-07-18_17-16-01_tau0.5_lh0.5_seed3/model_1499/gmd_03_high_bpm138_trial0/simulation_log.csv
0.5,0.5,3,gmd_04_extreme_bpm170,170.0,44,0.9090909090909091,11.477530002594076,-2.386423674496616,15.382632660697874,343.1486719304865,0.0,1.0,eval_logs_tau_sweep/2026-07-18_17-16-01_tau0.5_lh0.5_seed3/model_1499/gmd_04_extreme_bpm170_trial0/simulation_log.csv
1.0,0.25,3,double_160bpm,160.0,72,0.9305555555555556,15.764161944389347,-4.791751503944388,28.808205941446897,13.644641055001152,0.0,1.0,eval_logs_tau_sweep/2026-07-18_22-05-22_tau1.0_lh0.25_seed3/model_1499/double_160bpm_trial0/simulation_log.csv
1.0,0.25,3,gmd_03_high_bpm138,138.0,45,0.9555555555555556,9.318370710719615,-1.818226142362893,12.012384425443223,14.570024156570435,0.022222222222222223,1.0,eval_logs_tau_sweep/2026-07-18_22-05-22_tau1.0_lh0.25_seed3/model_1499/gmd_03_high_bpm138_trial0/simulation_log.csv
1.0,0.25,3,gmd_04_extreme_bpm170,170.0,44,0.8636363636363636,13.604957003926081,-5.000119985535963,24.004514968324607,18.934045401486483,0.022727272727272728,1.0,eval_logs_tau_sweep/2026-07-18_22-05-22_tau1.0_lh0.25_seed3/model_1499/gmd_04_extreme_bpm170_trial0/simulation_log.csv
1.0,0.5,3,double_160bpm,160.0,72,0.7083333333333334,22.22266958819497,-14.722560842832005,29.238462278213525,14.012147125270632,0.0,1.0,eval_logs_tau_sweep/2026-07-19_02-55-00_tau1.0_lh0.5_seed3/model_1499/double_160bpm_trial0/simulation_log.csv
1.0,0.5,3,gmd_03_high_bpm138,138.0,45,0.8,14.76773827574975,-7.790845493937761,17.08912657506938,19.195658704969617,0.044444444444444446,1.0,eval_logs_tau_sweep/2026-07-19_02-55-00_tau1.0_lh0.5_seed3/model_1499/gmd_03_high_bpm138_trial0/simulation_log.csv
1.0,0.5,3,gmd_04_extreme_bpm170,170.0,44,0.8409090909090909,13.65882303656607,-6.585490412828365,16.37253262819022,119.1629525531422,0.06818181818181818,1.0,eval_logs_tau_sweep/2026-07-19_02-55-00_tau1.0_lh0.5_seed3/model_1499/gmd_04_extreme_bpm170_trial0/simulation_log.csv
1.0,1.0,3,double_160bpm,160.0,72,0.7777777777777778,16.319768296347704,-11.458549234602177,18.336787524887107,211.98332658078937,0.0,1.0,eval_logs_tau_sweep/2026-07-19_07-43-40_tau1.0_lh1.0_seed3/model_1499/double_160bpm_trial0/simulation_log.csv
1.0,1.0,3,gmd_03_high_bpm138,138.0,45,0.8444444444444444,15.357480162665917,-10.119282063983695,15.907402897064573,71.59538988007439,0.06666666666666667,1.0,eval_logs_tau_sweep/2026-07-19_07-43-40_tau1.0_lh1.0_seed3/model_1499/gmd_03_high_bpm138_trial0/simulation_log.csv
1.0,1.0,3,gmd_04_extreme_bpm170,170.0,44,0.8181818181818182,13.500294089317427,-3.0000537633896043,18.25080449283319,231.95456111431122,0.09090909090909091,1.0,eval_logs_tau_sweep/2026-07-19_07-43-40_tau1.0_lh1.0_seed3/model_1499/gmd_04_extreme_bpm170_trial0/simulation_log.csv
2.0,0.5,3,double_160bpm,160.0,72,0.8888888888888888,12.222447329097358,-7.222369313240067,14.677268213683917,37.37168339225981,0.0,1.0,eval_logs_tau_sweep/2026-07-19_12-32-35_tau2.0_lh0.5_seed3/model_1499/double_160bpm_trial0/simulation_log.csv
2.0,0.5,3,gmd_03_high_bpm138,138.0,45,0.7777777777777778,18.95388614299695,-14.302616895631292,22.02811051612745,10.907970754305522,0.044444444444444446,1.0,eval_logs_tau_sweep/2026-07-19_12-32-35_tau2.0_lh0.5_seed3/model_1499/gmd_03_high_bpm138_trial0/simulation_log.csv
2.0,0.5,3,gmd_04_extreme_bpm170,170.0,44,0.8636363636363636,15.714622679210834,-7.381098611014241,23.794312129053274,5.760144932703539,0.045454545454545456,1.0,eval_logs_tau_sweep/2026-07-19_12-32-35_tau2.0_lh0.5_seed3/model_1499/gmd_04_extreme_bpm170_trial0/simulation_log.csv
2.0,1.0,3,double_160bpm,160.0,72,0.8333333333333334,11.12699004965766,-6.197309829819375,16.97649381076751,14.968475884861416,0.013888888888888888,1.0,eval_logs_tau_sweep/2026-07-19_17-23-23_tau2.0_lh1.0_seed3/model_1499/double_160bpm_trial0/simulation_log.csv
2.0,1.0,3,gmd_03_high_bpm138,138.0,45,0.8,11.666927582178259,-2.9487915528126822,14.72222476319152,13.396039462089538,0.13333333333333333,1.0,eval_logs_tau_sweep/2026-07-19_17-23-23_tau2.0_lh1.0_seed3/model_1499/gmd_03_high_bpm138_trial0/simulation_log.csv
2.0,1.0,3,gmd_04_extreme_bpm170,170.0,44,0.9318181818181818,10.000226043519339,-5.0001172792343125,12.147743508182453,328.71353688565165,0.045454545454545456,1.0,eval_logs_tau_sweep/2026-07-19_17-23-23_tau2.0_lh1.0_seed3/model_1499/gmd_04_extreme_bpm170_trial0/simulation_log.csv
2.0,2.0,3,double_160bpm,160.0,72,0.5833333333333334,24.583846330642636,-20.417127344343353,34.50683280139203,59.13111459877756,0.0,1.0,eval_logs_tau_sweep/2026-07-19_22-13-16_tau2.0_lh2.0_seed3/model_1499/double_160bpm_trial0/simulation_log.csv
2.0,2.0,3,gmd_03_high_bpm138,138.0,45,0.7777777777777778,17.875394225120477,-4.87509667873367,30.35094296697565,15.351618271403842,0.1111111111111111,1.0,eval_logs_tau_sweep/2026-07-19_22-13-16_tau2.0_lh2.0_seed3/model_1499/gmd_03_high_bpm138_trial0/simulation_log.csv
2.0,2.0,3,gmd_04_extreme_bpm170,170.0,44,0.9090909090909091,10.36608509901089,1.3414941182951081,12.299892412130632,30.03800780935721,0.06818181818181818,1.0,eval_logs_tau_sweep/2026-07-19_22-13-16_tau2.0_lh2.0_seed3/model_1499/gmd_04_extreme_bpm170_trial0/simulation_log.csv
